"日期","收市","開市","高","低","成交量","更改%"
"2022年1月7日","466.09","467.95","469.20","464.65","85.11M","-0.40%"
"2022年1月6日","467.94","467.89","470.82","465.43","85.72M","-0.09%"
"2022年1月5日","468.38","477.16","477.98","468.28","100.64M","-1.92%"
"2022年1月4日","477.55","479.22","479.98","475.58","68.19M","-0.03%"
"2022年1月3日","477.71","476.30","477.85","473.85","71.51M","0.58%"
"2021年12月31日","474.96","475.64","476.86","474.67","65.24M","-0.25%"
"2021年12月30日","476.16","477.93","479.00","475.67","51.51M","-0.28%"
"2021年12月29日","477.48","476.98","478.56","475.92","53.08M","0.13%"
"2021年12月28日","476.87","477.72","478.81","476.06","44.97M","-0.08%"
"2021年12月27日","477.26","472.06","477.31","472.01","55.10M","1.42%"
"2021年12月23日","470.60","468.75","472.19","468.64","56.44M","0.62%"
"2021年12月22日","467.69","462.79","467.81","462.58","56.78M","1.00%"
"2021年12月21日","463.06","458.61","463.21","456.31","68.08M","1.78%"
"2021年12月20日","454.98","454.48","455.40","451.14","105.77M","-1.06%"
"2021年12月17日","459.87","461.55","464.74","458.06","135.64M","-1.41%"
"2021年12月16日","466.45","472.57","472.87","464.80","114.77M","-0.88%"
"2021年12月15日","470.60","463.42","470.86","460.74","115.78M","1.56%"
"2021年12月14日","463.36","463.09","465.74","460.25","95.49M","-0.69%"
"2021年12月13日","466.57","470.19","470.56","466.27","84.99M","-0.89%"
"2021年12月10日","470.74","469.23","470.90","466.51","77.16M","0.94%"
"2021年12月9日","466.35","468.15","469.63","466.14","59.48M","-0.68%"
"2021年12月8日","469.52","468.70","470.00","466.83","71.47M","0.26%"
"2021年12月7日","468.28","464.41","468.88","458.65","93.79M","2.07%"
"2021年12月6日","458.79","456.13","460.79","453.56","97.88M","1.18%"
"2021年12月3日","453.42","459.17","460.30","448.92","137.33M","-0.87%"
"2021年12月2日","457.40","450.60","459.04","450.41","127.64M","1.53%"
"2021年12月1日","450.50","461.76","464.67","450.44","132.49M","-1.11%"
"2021年11月30日","455.56","462.03","463.99","455.34","148.56M","-1.95%"
"2021年11月29日","464.60","464.09","466.54","461.76","86.27M","1.23%"
"2021年11月26日","458.97","462.34","463.90","457.77","112.65M","-2.23%"
"2021年11月24日","469.44","466.06","469.57","465.19","61.86M","0.27%"
"2021年11月23日","468.19","467.17","469.06","464.47","73.21M","0.13%"
"2021年11月22日","467.57","470.89","473.52","467.40","72.76M","-0.28%"
"2021年11月19日","468.89","469.61","470.94","468.50","57.32M","-0.18%"
"2021年11月18日","469.73","469.24","470.01","466.34","50.63M","0.34%"
"2021年11月17日","468.14","469.00","469.19","467.48","46.54M","-0.24%"
"2021年11月16日","469.28","467.24","470.48","467.11","48.86M","0.40%"
"2021年11月15日","467.43","468.66","468.71","466.25","46.98M","0.03%"
"2021年11月12日","467.27","465.12","467.86","464.11","53.47M","0.75%"
"2021年11月11日","463.77","465.21","465.29","463.75","34.34M","0.03%"
"2021年11月10日","463.62","465.55","467.38","462.06","69.43M","-0.80%"
"2021年11月9日","467.38","469.47","469.55","465.88","51.15M","-0.33%"
"2021年11月8日","468.93","469.77","470.20","468.22","50.41M","0.09%"
"2021年11月5日","468.53","469.28","470.65","466.92","66.39M","0.35%"
"2021年11月4日","466.91","465.40","466.99","465.02","52.85M","0.47%"
"2021年11月3日","464.72","461.30","465.06","460.83","52.51M","0.61%"
"2021年11月2日","461.90","460.29","462.22","460.12","48.91M","0.40%"
"2021年11月1日","460.04","460.32","460.68","458.21","48.43M","0.17%"
"2021年10月29日","459.25","455.87","459.56","455.56","70.16M","0.20%"
"2021年10月28日","458.32","455.68","458.38","455.62","51.44M","0.96%"
"2021年10月27日","453.94","456.53","457.11","453.90","72.44M","-0.44%"
"2021年10月26日","455.96","457.26","458.48","455.59","56.08M","0.09%"
"2021年10月25日","455.55","454.25","455.89","452.40","45.21M","0.54%"
"2021年10月22日","453.12","453.13","454.67","451.05","58.85M","-0.10%"
"2021年10月21日","453.59","451.70","453.81","451.32","41.31M","0.26%"
"2021年10月20日","452.41","451.03","452.71","451.03","49.57M","0.39%"
"2021年10月19日","450.64","448.99","450.67","448.30","47.00M","0.77%"
"2021年10月18日","447.19","444.06","447.54","443.31","62.21M","0.30%"
"2021年10月15日","445.87","444.75","446.26","444.09","66.26M","0.76%"
"2021年10月14日","442.50","439.22","442.64","438.60","70.24M","1.68%"
"2021年10月13日","435.18","434.71","436.05","431.54","72.97M","0.36%"
"2021年10月12日","433.62","435.68","436.09","432.80","71.18M","-0.25%"
"2021年10月11日","434.69","437.16","440.24","434.66","65.23M","-0.72%"
"2021年10月8日","437.86","439.48","439.89","437.19","74.56M","-0.18%"
"2021年10月7日","438.66","438.37","441.66","438.22","72.44M","0.86%"
"2021年10月6日","434.90","429.18","435.10","427.55","113.03M","0.42%"
"2021年10月5日","433.10","430.24","435.49","429.39","90.68M","1.04%"
"2021年10月4日","428.64","432.96","433.92","426.39","128.57M","-1.29%"
"2021年10月1日","434.24","430.98","436.03","427.23","129.24M","1.19%"
"2021年9月30日","429.14","435.92","436.74","429.08","140.51M","-1.22%"
"2021年9月29日","434.45","435.09","437.02","433.87","82.33M","0.17%"
"2021年9月28日","433.72","439.37","440.02","433.02","130.44M","-2.02%"
"2021年9月27日","442.64","442.81","444.03","441.97","61.37M","-0.29%"
"2021年9月24日","443.91","441.44","444.67","441.21","62.10M","0.16%"
"2021年9月23日","443.18","439.82","444.87","439.62","76.40M","1.22%"
"2021年9月22日","437.86","436.14","440.02","435.08","102.35M","0.98%"
"2021年9月21日","433.63","436.67","437.87","433.08","92.53M","-0.09%"
"2021年9月20日","434.04","434.65","436.51","428.87","166.45M","-1.67%"
"2021年9月17日","441.40","444.92","445.37","441.02","118.43M","-1.29%"
"2021年9月16日","447.17","447.40","448.35","444.03","77.79M","-0.16%"
"2021年9月15日","447.88","444.73","448.40","443.45","78.79M","0.84%"
"2021年9月14日","444.17","448.24","448.29","443.23","78.20M","-0.54%"
"2021年9月13日","446.58","448.69","448.88","444.15","83.74M","0.26%"
"2021年9月10日","445.44","451.04","451.49","445.31","89.95M","-0.79%"
"2021年9月9日","448.98","450.65","452.52","448.73","57.97M","-0.43%"
"2021年9月8日","450.91","450.89","451.65","448.86","56.18M","-0.12%"
"2021年9月7日","451.46","452.77","452.77","450.77","51.67M","-0.36%"
"2021年9月3日","453.08","451.98","453.63","451.55","47.23M","-0.02%"
"2021年9月2日","453.19","453.36","454.01","451.92","42.83M","0.31%"
"2021年9月1日","451.80","452.55","453.10","451.55","48.72M","0.05%"
"2021年8月31日","451.56","452.12","452.49","450.95","59.30M","-0.15%"
"2021年8月30日","452.23","451.03","453.07","450.73","48.36M","0.44%"
"2021年8月27日","450.25","447.12","450.65","447.06","77.24M","0.89%"
"2021年8月26日","446.26","448.62","448.84","446.16","57.83M","-0.59%"
"2021年8月25日","448.91","448.21","449.44","447.80","40.53M","0.21%"
"2021年8月24日","447.97","447.97","448.54","447.42","36.54M","0.16%"
"2021年8月23日","447.26","445.16","448.22","445.16","54.97M","0.88%"
"2021年8月20日","443.36","440.23","443.71","439.71","72.01M","0.80%"
"2021年8月19日","439.86","436.19","441.12","436.17","92.81M","0.15%"
"2021年8月18日","439.18","442.86","444.61","438.96","89.35M","-1.09%"
"2021年8月17日","444.04","444.18","444.96","440.89","92.67M","-0.66%"
"2021年8月16日","446.97","444.68","447.08","442.92","73.93M","0.24%"
"2021年8月13日","445.92","445.59","445.94","445.07","39.47M","0.18%"
"2021年8月12日","445.11","443.54","445.25","442.67","38.94M","0.30%"
"2021年8月11日","443.78","443.76","443.88","442.63","44.03M","0.25%"
"2021年8月10日","442.68","442.64","443.43","441.91","43.34M","0.12%"
"2021年8月9日","442.13","442.49","442.79","441.37","41.22M","-0.08%"
"2021年8月8日","442.49","442.49","442.49","442.49","-","0.00%"
"2021年8月7日","442.49","442.49","442.49","442.49","-","0.00%"
"2021年8月6日","442.49","442.19","442.91","441.81","46.93M","0.17%"
"2021年8月5日","441.76","440.26","441.79","439.91","38.97M","0.63%"
"2021年8月4日","438.98","439.78","440.39","438.74","46.73M","-0.49%"
"2021年8月3日","441.15","438.53","441.17","436.12","58.05M","0.81%"
"2021年8月2日","437.59","440.30","440.85","437.31","58.78M","-0.21%"
"2021年7月30日","438.51","437.97","440.05","437.79","68.95M","-0.49%"
"2021年7月29日","440.65","439.90","441.79","439.90","47.44M","0.41%"
"2021年7月28日","438.83","439.65","440.27","437.42","52.47M","-0.04%"
"2021年7月27日","439.01","439.92","439.92","435.99","67.40M","-0.46%"
"2021年7月26日","441.02","439.32","441.02","439.26","43.72M","0.25%"
"2021年7月23日","439.94","437.52","440.30","436.79","63.77M","1.03%"
"2021年7月22日","435.46","434.74","435.72","433.69","47.88M","0.21%"
"2021年7月21日","434.55","432.34","434.70","431.01","64.72M","0.81%"
"2021年7月20日","431.06","425.68","432.42","424.83","99.61M","1.43%"
"2021年7月19日","424.97","426.19","431.41","421.97","147.99M","-1.48%"
"2021年7月16日","431.34","436.01","436.05","430.93","75.87M","-0.78%"
"2021年7月15日","434.75","434.92","435.52","432.75","55.13M","-0.34%"
"2021年7月14日","436.24","437.45","437.90","434.92","64.13M","0.15%"
"2021年7月13日","435.59","436.28","437.83","435.32","52.91M","-0.34%"
"2021年7月12日","437.08","435.48","437.25","434.98","52.89M","0.36%"
"2021年7月9日","435.52","432.59","435.77","432.33","76.24M","1.07%"
"2021年7月8日","430.92","428.75","431.72","427.58","97.60M","-0.81%"
"2021年7月7日","434.46","433.68","434.75","431.52","63.55M","0.35%"
"2021年7月6日","432.93","433.72","433.95","430.01","68.71M","-0.18%"
"2021年7月5日","433.72","433.72","433.72","433.72","-","0.00%"
"2021年7月4日","433.72","433.72","433.72","433.72","-","0.00%"
"2021年7月3日","433.72","433.72","433.72","433.72","-","0.00%"
"2021年7月2日","433.72","431.67","434.10","430.52","57.70M","0.76%"
"2021年7月1日","430.43","428.93","430.53","428.82","53.44M","0.55%"
"2021年6月30日","428.06","427.33","428.70","427.28","64.83M","0.08%"
"2021年6月29日","427.70","427.88","428.56","427.13","35.97M","0.05%"
"2021年6月28日","427.47","427.21","427.64","425.89","53.16M","0.20%"
"2021年6月25日","426.61","426.05","427.07","425.57","58.13M","0.36%"
"2021年6月24日","425.10","424.94","425.55","424.63","45.11M","0.59%"
"2021年6月23日","422.60","423.27","424.03","422.56","49.45M","-0.12%"
"2021年6月22日","423.11","420.90","423.98","420.10","57.70M","0.53%"
"2021年6月21日","420.86","416.80","421.06","415.93","72.82M","1.43%"
"2021年6月18日","414.92","417.17","417.81","414.76","118.68M","-1.67%"
"2021年6月17日","421.97","421.73","422.99","419.35","90.95M","-0.03%"
"2021年6月16日","422.11","424.72","424.83","419.97","80.39M","-0.56%"
"2021年6月15日","424.48","425.42","425.44","423.55","51.51M","-0.18%"
"2021年6月14日","425.26","424.43","425.37","423.10","42.36M","0.22%"
"2021年6月11日","424.31","424.20","424.43","422.82","45.57M","0.17%"
"2021年6月10日","423.61","422.96","424.63","421.55","51.02M","0.46%"
"2021年6月9日","421.65","423.18","423.26","421.41","48.44M","-0.15%"
"2021年6月8日","422.28","423.11","423.21","420.32","47.13M","0.02%"
"2021年6月7日","422.19","422.59","422.78","421.19","51.56M","-0.10%"
"2021年6月4日","422.60","420.75","422.92","418.84","55.94M","0.91%"
"2021年6月3日","418.77","417.85","419.99","416.28","58.14M","-0.37%"
"2021年6月2日","420.33","420.37","421.23","419.29","49.10M","0.16%"
"2021年6月1日","419.67","422.57","422.72","419.20","54.22M","-0.09%"
"2021年5月28日","420.04","420.97","421.25","419.79","58.52M","0.18%"
"2021年5月27日","419.29","420.17","420.72","418.99","56.71M","0.05%"
"2021年5月26日","419.07","418.87","419.61","417.76","43.09M","0.20%"
"2021年5月25日","418.24","420.33","420.71","417.62","57.45M","-0.22%"
"2021年5月24日","419.17","417.34","420.32","417.08","51.38M","1.02%"
"2021年5月21日","414.94","416.87","418.20","414.45","76.58M","-0.08%"
"2021年5月20日","415.28","411.80","416.62","411.67","78.02M","1.08%"
"2021年5月19日","410.86","406.92","411.05","405.33","106.47M","-0.26%"
"2021年5月18日","411.94","415.80","416.06","411.77","59.81M","-0.86%"
"2021年5月17日","415.52","415.39","416.39","413.36","65.13M","-0.25%"
"2021年5月14日","416.58","413.21","417.49","413.18","82.20M","1.54%"
"2021年5月13日","410.28","407.07","412.35","407.02","106.39M","1.20%"
"2021年5月12日","405.41","411.23","412.59","404.00","134.81M","-2.12%"
"2021年5月11日","414.21","413.10","415.27","410.06","116.89M","-0.89%"
"2021年5月10日","417.94","422.50","422.74","417.81","81.85M","-0.99%"
"2021年5月7日","422.12","419.89","422.81","419.16","67.73M","0.73%"
"2021年5月6日","419.07","415.83","419.21","413.68","74.32M","0.80%"
"2021年5月5日","415.75","417.38","417.63","414.94","60.28M","0.03%"
"2021年5月4日","415.62","416.07","416.60","411.67","101.59M","-0.62%"
"2021年5月3日","418.20","419.43","419.84","417.67","68.13M","0.22%"
"2021年4月30日","417.30","417.63","418.54","416.34","85.53M","-0.66%"
"2021年4月29日","420.06","420.32","420.72","416.44","78.54M","0.64%"
"2021年4月28日","417.40","417.81","419.01","416.90","51.24M","-0.03%"
"2021年4月27日","417.52","417.93","418.14","416.30","51.30M","-0.02%"
"2021年4月26日","417.61","417.44","418.22","416.81","52.18M","0.21%"
"2021年4月23日","416.74","412.87","418.25","412.79","73.28M","1.08%"
"2021年4月22日","412.27","415.89","416.78","411.13","97.58M","-0.91%"
"2021年4月21日","416.07","411.51","416.29","411.36","66.79M","0.95%"
"2021年4月20日","412.17","413.91","415.09","410.59","81.85M","-0.73%"
"2021年4月19日","415.21","416.26","416.74","413.79","78.50M","-0.49%"
"2021年4月16日","417.26","417.25","417.91","415.73","82.04M","0.33%"
"2021年4月15日","415.87","413.74","416.16","413.69","60.23M","1.07%"
"2021年4月14日","411.45","412.83","413.96","410.87","61.66M","-0.34%"
"2021年4月13日","412.86","411.53","413.53","411.12","56.55M","0.30%"
"2021年4月12日","411.64","410.85","411.93","410.20","56.70M","0.04%"
"2021年4月9日","411.49","408.39","411.67","408.26","61.10M","0.73%"
"2021年4月8日","408.52","407.93","408.58","406.93","57.86M","0.47%"
"2021年4月7日","406.59","405.94","406.96","405.45","55.84M","0.12%"
"2021年4月6日","406.12","405.76","407.24","405.40","62.02M","-0.06%"
"2021年4月5日","406.36","403.46","406.94","403.38","91.68M","1.44%"
"2021年4月1日","400.61","398.40","400.67","398.18","99.68M","1.08%"
"2021年3月31日","396.33","395.34","398.00","395.31","112.73M","0.41%"
"2021年3月30日","394.73","394.42","395.45","393.02","76.26M","-0.27%"
"2021年3月29日","395.78","394.40","396.75","392.81","108.11M","-0.05%"
"2021年3月26日","395.98","390.93","396.41","390.29","114.41M","1.61%"
"2021年3月25日","389.70","385.98","390.55","383.90","116.13M","0.56%"
"2021年3月24日","387.52","391.00","392.75","387.47","97.59M","-0.51%"
"2021年3月23日","389.50","391.91","393.46","388.66","90.69M","-0.79%"
"2021年3月22日","392.59","390.03","394.07","389.97","73.78M","0.80%"
"2021年3月19日","389.48","389.88","391.57","387.15","113.62M","-0.51%"
"2021年3月18日","391.48","394.48","396.72","390.75","115.35M","-1.45%"
"2021年3月17日","397.26","394.53","398.12","393.30","97.96M","0.34%"
"2021年3月16日","395.91","397.07","397.83","395.08","73.72M","-0.13%"
"2021年3月15日","396.41","394.33","396.69","392.03","73.59M","0.60%"
"2021年3月12日","394.06","392.07","394.21","391.20","64.65M","0.13%"
"2021年3月11日","393.53","392.23","395.65","391.74","86.25M","1.01%"
"2021年3月10日","389.58","389.69","391.40","388.17","109.90M","0.62%"
"2021年3月9日","387.17","385.85","389.91","381.73","113.63M","1.43%"
"2021年3月8日","381.72","384.66","387.68","381.42","123.15M","-0.50%"
"2021年3月5日","383.63","380.46","384.76","372.64","152.04M","1.84%"
"2021年3月4日","376.70","381.22","384.00","371.88","183.43M","-1.24%"
"2021年3月3日","381.42","385.79","386.83","381.31","119.94M","-1.32%"
"2021年3月2日","386.54","389.82","390.07","386.00","79.60M","-0.78%"
"2021年3月1日","389.58","385.59","390.92","380.57","105.35M","2.42%"
"2021年2月26日","380.36","384.35","385.58","378.23","152.70M","-0.52%"
"2021年2月25日","382.33","390.41","391.88","380.78","146.67M","-2.41%"
"2021年2月24日","391.77","386.33","392.23","385.27","72.43M","1.10%"
"2021年2月23日","387.50","384.66","388.94","380.20","107.28M","0.12%"
"2021年2月22日","387.03","387.06","389.62","386.74","67.41M","-0.77%"
"2021年2月19日","390.03","392.07","392.38","389.55","83.24M","-0.18%"
"2021年2月18日","390.72","389.59","391.51","387.74","59.71M","-0.43%"
"2021年2月17日","392.39","390.42","392.66","389.33","52.81M","0.02%"
"2021年2月16日","392.30","393.96","394.17","391.53","50.97M","-0.09%"
"2021年2月12日","392.64","389.85","392.90","389.77","50.59M","0.49%"
"2021年2月11日","390.71","391.24","391.69","388.10","42.91M","0.16%"
"2021年2月10日","390.08","392.12","392.28","387.50","59.15M","-0.04%"
"2021年2月9日","390.25","389.61","390.89","389.17","35.55M","-0.07%"
"2021年2月8日","390.51","389.27","390.56","388.35","38.37M","0.72%"
"2021年2月5日","387.71","388.20","388.47","386.14","48.67M","0.39%"
"2021年2月4日","386.19","382.96","386.24","381.97","47.14M","1.14%"
"2021年2月3日","381.85","382.44","383.70","380.48","52.43M","0.08%"
"2021年2月2日","381.55","379.65","383.22","376.32","64.45M","1.41%"
"2021年2月1日","376.23","373.72","377.34","370.38","75.82M","1.66%"
"2021年1月29日","370.07","375.63","376.67","368.27","126.77M","-2.00%"
"2021年1月28日","377.63","376.36","381.93","375.89","94.20M","0.86%"
"2021年1月27日","374.41","380.22","380.32","372.01","123.35M","-2.44%"
"2021年1月26日","383.79","385.41","385.85","383.54","42.67M","-0.16%"
"2021年1月25日","384.39","383.67","384.77","378.46","70.40M","0.39%"
"2021年1月22日","382.88","382.25","384.13","381.83","52.14M","-0.35%"
"2021年1月21日","384.24","384.49","384.95","383.25","47.96M","0.09%"
"2021年1月20日","383.89","381.11","384.79","380.69","61.84M","1.38%"
"2021年1月19日","378.65","378.34","379.23","376.75","51.23M","0.79%"
"2021年1月15日","375.70","376.72","377.58","373.70","107.16M","-0.73%"
"2021年1月14日","378.46","380.59","381.13","378.10","49.99M","-0.35%"
"2021年1月13日","379.79","378.69","380.86","377.85","45.30M","0.27%"
"2021年1月12日","378.77","378.89","379.86","376.36","52.55M","0.02%"
"2021年1月11日","378.69","377.85","380.58","377.72","51.18M","-0.67%"
"2021年1月8日","381.26","380.59","381.49","377.10","71.68M","0.57%"
"2021年1月7日","379.10","376.10","379.90","375.91","68.77M","1.49%"
"2021年1月6日","373.55","369.71","376.98","369.12","108.00M","0.60%"
"2021年1月5日","371.33","368.10","372.50","368.05","66.43M","0.69%"
"2021年1月4日","368.79","375.31","375.45","364.82","110.21M","-1.36%"
"2020年12月31日","373.88","371.78","374.66","371.23","78.52M","0.51%"
"2020年12月30日","371.99","372.34","373.10","371.57","49.46M","0.14%"
"2020年12月29日","371.46","373.81","374.00","370.83","53.68M","-0.19%"
"2020年12月28日","372.17","371.74","372.59","371.07","39.00M","0.86%"
"2020年12月24日","369.00","368.08","369.03","367.45","26.46M","0.39%"
"2020年12月23日","367.57","368.28","369.62","367.22","46.20M","0.09%"
"2020年12月22日","367.24","368.21","368.33","366.03","48.39M","-0.17%"
"2020年12月21日","367.86","364.97","378.46","362.03","96.39M","-0.36%"
"2020年12月18日","369.18","370.97","371.15","367.02","136.54M","-0.82%"
"2020年12月17日","372.24","371.94","372.46","371.05","64.12M","0.56%"
"2020年12月16日","370.17","369.82","371.16","368.87","58.42M","0.16%"
"2020年12月15日","369.59","367.40","369.59","365.92","64.07M","1.35%"
"2020年12月14日","364.66","368.64","369.80","364.47","69.22M","-0.45%"
"2020年12月11日","366.30","364.90","366.74","363.26","57.70M","-0.12%"
"2020年12月10日","366.73","365.37","367.86","364.43","57.74M","-0.03%"
"2020年12月9日","366.85","370.88","371.05","365.95","74.10M","-0.90%"
"2020年12月8日","370.17","367.72","370.78","367.67","42.46M","0.29%"
"2020年12月7日","369.09","369.02","369.62","367.72","48.94M","-0.21%"
"2020年12月4日","369.85","367.32","369.85","367.22","50.75M","0.86%"
"2020年12月3日","366.69","366.68","368.19","365.50","62.88M","-0.03%"
"2020年12月2日","366.79","364.82","366.96","364.20","45.93M","0.21%"
"2020年12月1日","366.02","365.57","367.68","364.93","74.50M","1.09%"
"2020年11月30日","362.06","362.83","363.12","359.17","83.87M","-0.44%"
"2020年11月27日","363.67","363.84","364.18","362.58","28.51M","0.28%"
"2020年11月25日","362.66","363.13","363.16","361.48","45.33M","-0.15%"
"2020年11月24日","363.22","360.21","363.81","359.29","62.42M","1.61%"
"2020年11月23日","357.46","357.28","358.82","354.87","63.23M","0.60%"
"2020年11月20日","355.33","357.50","357.72","355.25","70.41M","-0.68%"
"2020年11月19日","357.78","355.60","358.18","354.15","59.94M","0.42%"
"2020年11月18日","356.28","360.91","361.50","356.24","70.59M","-1.20%"
"2020年11月17日","360.62","359.97","361.92","358.34","66.11M","-0.54%"
"2020年11月16日","362.57","360.98","362.78","359.59","74.54M","1.25%"
"2020年11月13日","358.10","355.27","358.90","354.71","62.96M","1.38%"
"2020年11月12日","353.21","355.58","356.72","351.26","68.12M","-0.97%"
"2020年11月11日","356.67","356.40","357.56","355.06","58.65M","0.74%"
"2020年11月10日","354.04","353.49","355.18","350.51","85.55M","-0.15%"
"2020年11月9日","354.56","363.97","364.38","354.06","172.30M","1.26%"
"2020年11月6日","350.16","349.93","351.51","347.65","74.97M","-0.02%"
"2020年11月5日","350.24","349.24","352.19","348.86","82.04M","1.95%"
"2020年11月4日","343.54","340.86","347.94","339.59","126.96M","2.23%"
"2020年11月3日","336.03","333.69","338.25","330.29","93.29M","1.77%"
"2020年11月2日","330.20","330.20","332.36","327.24","86.07M","1.12%"
"2020年10月30日","326.54","328.28","329.69","322.60","120.45M","-1.04%"
"2020年10月29日","329.98","326.91","333.39","325.09","90.60M","1.02%"
"2020年10月28日","326.66","332.10","338.25","326.13","127.09M","-3.42%"
"2020年10月27日","338.22","339.76","340.12","337.99","65.99M","-0.34%"
"2020年10月26日","339.39","342.13","342.98","335.62","91.47M","-1.85%"
"2020年10月23日","345.78","345.93","345.99","343.13","49.14M","0.34%"
"2020年10月22日","344.61","342.96","345.24","340.65","55.40M","0.55%"
"2020年10月21日","342.73","343.33","348.68","342.40","63.57M","-0.19%"
"2020年10月20日","343.38","343.46","346.88","342.64","60.05M","0.40%"
"2020年10月19日","342.01","348.65","349.33","341.04","68.43M","-1.52%"
"2020年10月16日","347.29","348.96","350.75","347.10","89.50M","-0.06%"
"2020年10月15日","347.50","343.71","348.02","343.13","60.36M","-0.12%"
"2020年10月14日","347.93","350.75","351.93","347.14","57.96M","-0.63%"
"2020年10月13日","350.13","352.28","352.47","349.09","73.26M","-0.65%"
"2020年10月12日","352.43","349.59","354.02","349.06","80.39M","1.61%"
"2020年10月9日","346.85","345.56","347.35","344.89","59.53M","0.89%"
"2020年10月8日","343.78","342.85","343.85","341.86","45.24M","0.89%"
"2020年10月7日","340.76","338.12","341.63","338.09","57.00M","1.74%"
"2020年10月6日","334.93","339.91","342.17","334.38","90.13M","-1.42%"
"2020年10月5日","339.76","336.06","339.96","336.01","45.71M","1.77%"
"2020年10月2日","333.84","331.70","337.01","331.19","89.43M","-0.95%"
"2020年10月1日","337.04","337.69","338.74","335.01","88.70M","0.64%"
"2020年9月30日","334.89","333.09","338.29","332.88","104.08M","0.76%"
"2020年9月29日","332.37","333.97","334.77","331.62","51.53M","-0.54%"
"2020年9月28日","334.19","333.22","334.96","332.15","64.58M","1.66%"
"2020年9月25日","328.73","322.58","329.58","321.64","71.07M","1.62%"
"2020年9月24日","323.50","321.22","326.80","319.80","76.68M","0.27%"
"2020年9月23日","322.64","330.90","331.20","322.10","93.11M","-2.32%"
"2020年9月22日","330.30","328.57","330.90","325.86","63.61M","1.02%"
"2020年9月21日","326.97","325.70","327.13","321.73","99.45M","-1.11%"
"2020年9月18日","330.65","335.37","335.49","327.97","105.88M","-1.55%"
"2020年9月17日","335.84","333.56","337.70","332.99","91.52M","-0.88%"
"2020年9月16日","338.82","341.51","343.06","338.52","82.21M","-0.40%"
"2020年9月15日","340.17","341.12","342.02","338.47","52.92M","0.51%"
"2020年9月14日","338.46","337.49","340.38","334.22","65.61M","1.32%"
"2020年9月11日","334.06","335.82","336.97","331.00","84.68M","0.05%"
"2020年9月10日","333.89","341.82","342.53","332.85","90.57M","-1.74%"
"2020年9月9日","339.79","337.55","342.46","336.61","91.46M","1.97%"
"2020年9月8日","333.21","336.71","342.64","332.88","114.47M","-2.73%"
"2020年9月4日","342.57","346.13","347.83","334.87","139.16M","-0.82%"
"2020年9月3日","345.39","355.87","356.38","342.59","148.01M","-3.44%"
"2020年9月2日","357.70","354.67","358.75","353.43","69.54M","1.45%"
"2020年9月1日","352.60","350.21","352.71","349.24","55.00M","0.94%"
"2020年8月31日","349.31","350.35","351.30","349.06","66.10M","-0.36%"
"2020年8月28日","350.58","349.44","350.72","348.15","48.59M","0.65%"
"2020年8月27日","348.33","348.51","349.90","346.53","58.03M","0.22%"
"2020年8月26日","347.57","344.76","347.86","344.17","50.79M","1.00%"
"2020年8月25日","344.12","343.53","344.21","342.27","38.46M","0.35%"
"2020年8月24日","342.92","342.12","343.00","339.45","48.59M","1.01%"
"2020年8月21日","339.48","337.92","339.72","337.55","55.11M","0.35%"
"2020年8月20日","338.28","335.36","338.80","335.22","42.21M","0.31%"
"2020年8月19日","337.23","339.05","339.61","336.62","68.05M","-0.42%"
"2020年8月18日","338.64","338.34","339.10","336.61","38.73M","0.22%"
"2020年8月17日","337.91","337.94","338.34","336.85","35.48M","0.32%"
"2020年8月14日","336.84","336.41","337.42","335.62","47.26M","0.00%"
"2020年8月13日","336.83","336.61","338.25","335.83","41.82M","-0.18%"
"2020年8月12日","337.44","335.44","338.28","332.84","53.83M","1.39%"
"2020年8月11日","332.80","336.85","337.54","332.01","69.60M","-0.83%"
"2020年8月10日","335.57","335.06","335.77","332.95","44.28M","0.30%"
"2020年8月7日","334.57","333.28","334.88","332.30","57.31M","0.07%"
"2020年8月6日","334.33","331.48","334.46","331.13","43.68M","0.67%"
"2020年8月5日","332.11","331.47","332.39","331.18","42.87M","0.62%"
"2020年8月4日","330.06","327.86","330.06","327.86","41.92M","0.39%"
"2020年8月3日","328.79","328.32","329.62","327.73","53.08M","0.70%"
"2020年7月31日","326.52","325.90","326.63","321.33","85.21M","0.79%"
"2020年7月30日","323.96","321.90","324.41","319.64","61.86M","-0.36%"
"2020年7月29日","325.12","322.12","325.73","322.07","48.45M","1.23%"
"2020年7月28日","321.17","322.43","323.64","320.85","57.49M","-0.63%"
"2020年7月27日","323.22","321.63","323.41","320.77","48.29M","0.73%"
"2020年7月24日","320.88","320.95","321.99","319.25","73.77M","-0.64%"
"2020年7月23日","322.96","326.47","327.23","321.48","75.74M","-1.19%"
"2020年7月22日","326.86","324.62","327.20","324.50","57.79M","0.57%"
"2020年7月21日","325.01","326.45","326.93","323.94","57.50M","0.21%"
"2020年7月20日","324.32","321.43","325.13","320.62","56.31M","0.81%"
"2020年7月17日","321.72","321.88","322.57","319.74","62.77M","0.29%"
"2020年7月16日","320.79","319.79","321.28","319.09","54.62M","-0.33%"
"2020年7月15日","321.85","322.41","323.04","319.26","87.20M","0.92%"
"2020年7月14日","318.92","313.30","319.76","312.00","93.66M","1.30%"
"2020年7月13日","314.84","320.13","322.71","314.13","103.00M","-0.87%"
"2020年7月10日","317.59","314.31","317.88","312.76","57.55M","1.02%"
"2020年7月9日","314.38","316.84","317.10","310.68","83.35M","-0.57%"
"2020年7月8日","316.18","314.61","316.30","312.70","54.64M","0.76%"
"2020年7月7日","313.78","315.38","317.52","313.37","82.91M","-1.03%"
"2020年7月6日","317.05","316.37","317.68","315.56","61.71M","1.54%"
"2020年7月2日","312.23","314.24","315.70","311.51","69.34M","0.55%"
"2020年7月1日","310.52","309.57","311.89","309.07","72.40M","0.70%"
"2020年6月30日","308.36","303.99","310.20","303.82","113.39M","1.28%"
"2020年6月29日","304.46","301.41","304.61","298.93","79.77M","1.47%"
"2020年6月26日","300.05","306.16","306.39","299.42","127.96M","-2.38%"
"2020年6月25日","307.35","303.47","307.64","301.28","89.47M","1.07%"
"2020年6月24日","304.09","309.84","310.51","302.10","132.81M","-2.55%"
"2020年6月23日","312.05","313.49","314.50","311.61","68.47M","0.46%"
"2020年6月22日","310.62","307.99","311.05","306.75","74.65M","0.64%"
"2020年6月19日","308.64","314.17","314.38","306.53","135.55M","-1.01%"
"2020年6月18日","311.78","310.00","312.30","309.51","80.83M","0.04%"
"2020年6月17日","311.66","314.07","314.39","310.86","83.40M","-0.42%"
"2020年6月16日","312.96","315.48","315.64","307.67","137.63M","1.92%"
"2020年6月15日","307.05","298.02","308.28","296.74","135.78M","0.93%"
"2020年6月12日","304.21","308.24","309.08","298.60","194.68M","1.20%"
"2020年6月11日","300.61","311.46","312.15","300.01","209.24M","-5.76%"
"2020年6月10日","319.00","321.42","322.39","318.22","95.00M","-0.56%"
"2020年6月9日","320.79","320.30","323.28","319.36","77.48M","-0.75%"
"2020年6月8日","323.20","320.22","323.41","319.63","73.64M","1.21%"
"2020年6月5日","319.34","317.23","321.27","317.16","150.52M","2.56%"
"2020年6月4日","311.36","311.11","313.00","309.08","75.79M","-0.26%"
"2020年6月3日","312.18","310.24","313.22","309.94","92.57M","1.33%"
"2020年6月2日","308.08","306.55","308.13","305.10","74.27M","0.83%"
"2020年6月1日","305.55","303.62","306.20","303.06","56.78M","0.40%"
"2020年5月29日","304.32","302.46","304.96","299.47","119.27M","0.45%"
"2020年5月28日","302.97","304.65","306.84","302.24","90.77M","-0.18%"
"2020年5月27日","303.53","302.12","303.57","296.87","104.82M","1.49%"
"2020年5月26日","299.08","301.93","302.19","295.46","88.95M","1.23%"
"2020年5月22日","295.44","294.57","295.63","293.22","63.96M","0.19%"
"2020年5月21日","294.88","296.79","297.67","293.69","78.29M","-0.69%"
"2020年5月20日","296.93","295.82","297.87","295.57","85.86M","1.70%"
"2020年5月19日","291.97","294.35","296.20","291.95","95.19M","-1.03%"
"2020年5月18日","295.00","293.05","296.75","292.70","120.32M","3.05%"
"2020年5月15日","286.28","282.37","286.33","281.34","111.15M","0.46%"
"2020年5月14日","284.97","278.95","285.11","272.99","121.98M","1.20%"
"2020年5月13日","281.60","286.06","287.19","278.96","144.72M","-1.77%"
"2020年5月12日","286.67","293.79","294.24","286.52","95.87M","-1.99%"
"2020年5月11日","292.50","290.34","294.00","289.88","79.51M","0.02%"
"2020年5月8日","292.44","291.09","292.95","289.86","76.62M","1.65%"
"2020年5月7日","287.68","287.75","289.78","287.13","75.25M","1.21%"
"2020年5月6日","284.25","288.04","288.46","283.78","73.63M","-0.68%"
"2020年5月5日","286.19","286.64","289.25","283.71","79.57M","0.92%"
"2020年5月4日","283.57","280.74","283.90","279.13","80.87M","0.28%"
"2020年5月1日","282.79","285.31","290.66","281.52","125.18M","-2.65%"
"2020年4月30日","290.48","291.71","293.32","288.59","122.90M","-0.93%"
"2020年4月29日","293.21","291.53","294.88","290.41","118.75M","2.62%"
"2020年4月28日","285.73","291.02","291.40","285.40","105.27M","-0.46%"
"2020年4月27日","287.05","285.12","288.27","284.62","77.90M","1.44%"
"2020年4月24日","282.97","280.73","283.70","278.50","85.17M","1.39%"
"2020年4月23日","279.08","280.49","283.94","278.75","104.71M","-0.01%"
"2020年4月22日","279.10","278.35","281.00","276.91","93.52M","2.22%"
"2020年4月21日","273.04","276.73","278.04","272.02","126.39M","-3.04%"
"2020年4月20日","281.59","282.61","286.79","281.35","100.11M","-1.76%"
"2020年4月17日","286.64","285.38","287.30","282.40","146.68M","2.70%"
"2020年4月16日","279.10","279.15","280.03","275.76","131.80M","0.48%"
"2020年4月15日","277.76","277.57","283.94","275.46","121.78M","-2.12%"
"2020年4月14日","283.79","280.98","284.90","275.51","134.14M","2.95%"
"2020年4月13日","275.66","277.14","277.51","271.41","114.84M","-0.91%"
"2020年4月9日","278.20","277.58","281.20","275.47","190.28M","1.52%"
"2020年4月8日","274.03","267.96","276.00","265.25","153.77M","3.36%"
"2020年4月7日","265.13","274.21","275.03","264.89","201.43M","0.10%"
"2020年4月6日","264.86","257.84","267.00","248.17","188.06M","6.72%"
"2020年4月3日","248.19","250.76","253.32","245.22","135.56M","-1.45%"
"2020年4月2日","251.83","245.19","252.68","244.59","177.66M","2.31%"
"2020年4月1日","246.15","247.98","257.66","243.90","189.55M","-4.50%"
"2020年3月31日","257.75","260.56","263.33","256.22","194.88M","-1.49%"
"2020年3月30日","261.65","255.70","262.43","253.53","170.96M","3.25%"
"2020年3月27日","253.42","253.27","260.81","251.05","224.34M","-2.98%"
"2020年3月26日","261.20","249.52","262.80","249.05","257.63M","5.84%"
"2020年3月25日","246.79","244.87","256.35","239.75","299.43M","1.50%"
"2020年3月24日","243.15","234.42","244.10","233.80","235.49M","9.06%"
"2020年3月23日","222.95","228.19","229.68","218.26","326.03M","-2.56%"
"2020年3月20日","228.80","242.53","244.47","228.50","347.16M","-4.87%"
"2020年3月19日","240.51","239.25","247.38","232.22","289.32M","0.21%"
"2020年3月18日","240.00","236.25","248.37","228.02","327.60M","-5.06%"
"2020年3月17日","252.80","245.04","256.17","237.07","262.07M","5.40%"
"2020年3月16日","239.85","241.18","256.90","237.36","297.24M","-10.94%"
"2020年3月13日","269.32","263.09","271.48","248.52","329.57M","8.55%"
"2020年3月12日","248.11","256.00","266.66","247.68","392.22M","-9.57%"
"2020年3月11日","274.36","280.70","281.94","270.88","256.42M","-4.87%"
"2020年3月10日","288.42","284.64","288.52","273.50","276.44M","5.17%"
"2020年3月9日","274.23","275.30","284.19","273.45","309.42M","-7.81%"
"2020年3月6日","297.46","293.15","298.78","290.23","228.67M","-1.65%"
"2020年3月5日","302.46","304.98","308.47","300.01","186.37M","-3.32%"
"2020年3月4日","312.86","306.12","313.10","303.33","176.61M","4.20%"
"2020年3月3日","300.24","309.50","313.84","297.57","300.14M","-2.86%"
"2020年3月2日","309.09","298.21","309.16","294.46","238.70M","4.33%"
"2020年2月28日","296.26","288.70","297.89","285.54","385.76M","-0.42%"
"2020年2月27日","297.51","305.46","311.56","297.51","284.35M","-4.49%"
"2020年2月26日","311.50","314.18","318.11","310.70","194.77M","-0.37%"
"2020年2月25日","312.65","323.94","324.61","311.69","218.91M","-3.03%"
"2020年2月24日","322.42","323.14","333.56","321.24","161.09M","-3.32%"
"2020年2月21日","333.48","335.47","335.81","332.58","113.79M","-1.03%"
"2020年2月20日","336.95","337.74","338.64","333.68","74.16M","-0.41%"
"2020年2月19日","338.34","337.79","339.08","337.48","48.81M","0.48%"
"2020年2月18日","336.73","336.51","337.67","335.21","57.34M","-0.26%"
"2020年2月14日","337.60","337.51","337.73","336.20","64.58M","0.16%"
"2020年2月13日","337.06","335.86","338.12","335.56","54.50M","-0.11%"
"2020年2月12日","337.42","336.83","337.65","336.43","43.99M","0.64%"
"2020年2月11日","335.26","336.16","337.02","334.68","54.86M","0.17%"
"2020年2月10日","334.68","331.23","334.75","331.19","42.07M","0.75%"
"2020年2月7日","332.20","332.82","333.99","331.60","64.14M","-0.53%"
"2020年2月6日","333.98","333.91","334.19","332.80","50.36M","0.34%"
"2020年2月5日","332.86","332.27","333.09","330.67","65.95M","1.15%"
"2020年2月4日","329.06","328.07","330.01","327.72","62.57M","1.52%"
"2020年2月3日","324.12","323.35","326.16","323.22","69.24M","0.74%"
"2020年1月31日","321.73","327.00","327.17","320.73","113.85M","-1.82%"
"2020年1月30日","327.68","324.36","327.91","323.54","75.49M","0.32%"
"2020年1月29日","326.62","328.38","328.63","326.40","54.04M","-0.08%"
"2020年1月28日","326.89","325.06","327.85","323.60","63.83M","1.05%"
"2020年1月27日","323.50","323.03","325.12","322.66","84.06M","-1.60%"
"2020年1月24日","328.77","332.44","332.53","327.36","87.58M","-0.89%"
"2020年1月23日","331.72","330.63","332.17","329.41","51.96M","0.11%"
"2020年1月22日","331.34","332.24","332.95","331.17","48.91M","0.01%"
"2020年1月21日","331.30","330.90","332.18","330.82","77.74M","-0.20%"
"2020年1月17日","331.95","331.70","332.18","330.85","95.85M","0.31%"
"2020年1月16日","330.92","329.70","330.92","329.45","54.05M","0.83%"
"2020年1月15日","328.19","327.35","329.02","327.26","72.06M","0.23%"
"2020年1月14日","327.45","327.47","328.62","326.84","63.04M","-0.15%"
"2020年1月13日","327.95","326.39","327.96","325.92","47.26M","0.69%"
"2020年1月10日","325.71","327.29","327.46","325.20","53.06M","-0.29%"
"2020年1月9日","326.65","326.16","326.73","325.52","48.57M","0.68%"
"2020年1月8日","324.45","322.94","325.78","322.67","68.43M","0.53%"
"2020年1月7日","322.73","323.02","323.54","322.24","42.85M","-0.28%"
"2020年1月6日","323.64","320.49","323.73","320.36","55.76M","0.38%"
"2020年1月3日","322.41","321.16","323.64","321.10","77.78M","-0.76%"
"2020年1月2日","324.87","323.54","324.89","322.53","59.25M","0.94%"
"2019年12月31日","321.86","320.53","322.13","320.15","57.11M","0.24%"
"2019年12月30日","321.08","322.95","323.10","320.55","49.78M","-0.55%"
"2019年12月27日","322.86","323.74","323.80","322.28","42.55M","-0.02%"
"2019年12月26日","322.94","321.65","322.95","321.64","31.02M","0.53%"
"2019年12月24日","321.23","321.47","321.52","320.90","20.27M","0.00%"
"2019年12月23日","321.22","321.59","321.65","321.06","53.02M","0.15%"
"2019年12月20日","320.73","320.46","321.97","319.39","149.34M","-0.05%"
"2019年12月19日","320.90","319.80","320.98","319.52","85.39M","0.41%"
"2019年12月18日","319.59","320.00","320.25","319.53","48.20M","0.01%"
"2019年12月17日","319.57","319.92","320.25","319.48","61.13M","0.02%"
"2019年12月16日","319.50","319.22","320.15","317.25","82.84M","0.69%"
"2019年12月13日","317.32","316.87","318.67","316.02","81.55M","0.06%"
"2019年12月12日","317.13","314.43","317.99","314.17","96.59M","0.86%"
"2019年12月11日","314.42","314.03","314.70","313.44","53.52M","0.28%"
"2019年12月10日","313.53","313.82","314.55","312.81","53.11M","-0.11%"
"2019年12月9日","313.88","314.44","315.18","313.80","34.90M","-0.31%"
"2019年12月6日","314.87","314.12","315.31","314.11","48.96M","0.91%"
"2019年12月5日","312.02","312.23","312.25","310.58","40.78M","0.18%"
"2019年12月4日","311.46","310.70","312.12","310.32","49.19M","0.62%"
"2019年12月3日","309.55","308.65","309.64","307.13","75.17M","-0.67%"
"2019年12月2日","311.64","314.59","314.66","311.17","76.11M","-0.85%"
"2019年11月29日","314.31","314.86","315.13","314.06","36.59M","-0.37%"
"2019年11月27日","315.48","314.61","315.48","314.37","44.79M","0.45%"
"2019年11月26日","314.08","313.41","314.28","313.06","37.73M","0.23%"
"2019年11月25日","313.37","311.98","313.37","311.98","48.76M","0.78%"
"2019年11月22日","310.96","311.09","311.24","309.85","44.85M","0.22%"
"2019年11月21日","310.27","310.89","311.01","309.39","54.66M","-0.16%"
"2019年11月20日","310.77","311.28","311.85","309.06","79.70M","-0.37%"
"2019年11月19日","311.93","312.68","312.69","311.22","67.93M","-0.03%"
"2019年11月18日","312.02","311.53","312.28","311.03","49.33M","0.07%"
"2019年11月15日","311.79","311.02","311.84","310.26","62.71M","0.72%"
"2019年11月14日","309.55","308.79","309.64","308.09","52.00M","0.15%"
"2019年11月13日","309.10","307.91","309.54","307.66","54.46M","0.03%"
"2019年11月12日","309.00","308.75","309.99","308.15","46.48M","0.21%"
"2019年11月11日","308.35","307.42","308.54","307.27","35.93M","-0.19%"
"2019年11月8日","308.94","307.80","309.00","307.03","49.07M","0.25%"
"2019年11月7日","308.18","308.57","309.65","307.66","54.27M","0.35%"
"2019年11月6日","307.10","307.03","307.40","306.06","46.49M","0.02%"
"2019年11月5日","307.03","307.59","307.92","306.71","42.93M","-0.11%"
"2019年11月4日","307.37","307.85","308.00","306.96","60.61M","0.40%"
"2019年11月1日","306.14","304.92","306.19","304.74","71.14M","0.93%"
"2019年10月31日","303.33","304.13","304.13","301.73","69.05M","-0.27%"
"2019年10月30日","304.14","303.43","304.55","301.99","49.64M","0.31%"
"2019年10月29日","303.21","303.00","304.23","302.86","44.28M","-0.03%"
"2019年10月28日","303.30","302.94","303.85","302.91","42.15M","0.56%"
"2019年10月25日","301.60","299.74","302.20","299.68","45.21M","0.41%"
"2019年10月24日","300.37","300.91","301.07","299.46","35.86M","0.16%"
"2019年10月23日","299.88","298.73","299.94","298.50","34.99M","0.29%"
"2019年10月22日","299.01","300.58","300.90","298.91","49.13M","-0.33%"
"2019年10月21日","299.99","299.42","300.21","298.94","39.46M","0.68%"
"2019年10月18日","297.97","298.69","299.39","296.99","64.34M","-0.44%"
"2019年10月17日","299.28","299.68","300.24","298.51","46.78M","0.29%"
"2019年10月16日","298.40","298.37","299.16","297.92","50.56M","-0.16%"
"2019年10月15日","298.88","297.10","299.70","296.97","47.83M","0.99%"
"2019年10月14日","295.95","295.93","296.67","295.57","40.55M","-0.11%"
"2019年10月11日","296.28","296.27","298.74","296.14","101.23M","1.04%"
"2019年10月10日","293.24","291.18","294.21","291.00","57.26M","0.68%"
"2019年10月9日","291.27","290.75","292.30","288.66","65.71M","0.95%"
"2019年10月8日","288.53","291.04","291.85","288.49","101.58M","-1.55%"
"2019年10月7日","293.08","293.47","295.26","292.77","60.66M","-0.43%"
"2019年10月4日","294.35","291.14","294.63","290.82","66.70M","1.35%"
"2019年10月3日","290.42","287.81","290.45","284.82","85.91M","0.82%"
"2019年10月2日","288.06","291.50","291.51","286.64","124.52M","-1.77%"
"2019年10月1日","293.24","297.74","298.45","293.00","89.90M","-1.19%"
"2019年9月30日","296.77","295.97","297.55","295.92","52.56M","0.46%"
"2019年9月27日","295.40","297.83","297.95","293.69","84.78M","-0.54%"
"2019年9月26日","297.00","297.63","297.86","295.45","58.72M","-0.21%"
"2019年9月25日","297.62","295.96","298.11","294.33","73.43M","0.59%"
"2019年9月24日","295.87","299.41","299.84","294.81","97.37M","-0.78%"
"2019年9月23日","298.21","297.55","299.00","297.27","47.54M","-0.02%"
"2019年9月20日","298.28","300.36","300.67","297.41","97.46M","-0.93%"
"2019年9月19日","301.08","301.53","302.63","300.71","78.10M","-0.01%"
"2019年9月18日","301.10","300.49","301.22","298.24","74.19M","0.06%"
"2019年9月17日","300.92","299.94","301.02","299.75","42.90M","0.25%"
"2019年9月16日","300.16","299.84","301.14","299.45","58.19M","-0.31%"
"2019年9月13日","301.09","301.78","302.17","300.68","62.10M","-0.07%"
"2019年9月12日","301.29","301.25","302.46","300.41","72.91M","0.35%"
"2019年9月11日","300.25","298.47","300.34","297.75","68.82M","0.71%"
"2019年9月10日","298.13","297.36","298.20","295.97","57.95M","-0.02%"
"2019年9月9日","298.20","299.14","299.24","297.16","51.26M","0.05%"
"2019年9月6日","298.05","298.17","298.76","297.42","49.58M","0.08%"
"2019年9月5日","297.82","296.79","298.83","294.00","83.36M","1.29%"
"2019年9月4日","294.04","293.14","294.06","292.31","47.00M","1.14%"
"2019年9月3日","290.74","290.57","291.58","289.27","69.23M","-0.58%"
"2019年8月30日","292.45","294.22","294.24","291.42","62.96M","-0.04%"
"2019年8月29日","292.58","291.72","293.16","290.61","58.00M","1.28%"
"2019年8月28日","288.89","286.14","289.07","285.25","59.85M","0.70%"
"2019年8月27日","286.87","289.54","289.95","286.03","68.26M","-0.39%"
"2019年8月26日","288.00","287.27","288.00","285.58","72.62M","1.11%"
"2019年8月23日","284.85","290.92","292.76","283.47","149.32M","-2.57%"
"2019年8月22日","292.36","293.23","293.93","290.40","51.74M","-0.03%"
"2019年8月21日","292.45","292.48","292.86","291.72","49.72M","0.81%"
"2019年8月20日","290.09","291.77","292.36","289.95","51.65M","-0.77%"
"2019年8月19日","292.33","292.19","293.08","291.44","53.64M","1.20%"
"2019年8月16日","288.85","286.48","289.33","284.71","85.83M","1.48%"
"2019年8月15日","284.65","284.88","285.64","282.39","101.93M","0.26%"
"2019年8月14日","283.90","288.07","292.46","283.76","135.62M","-2.96%"
"2019年8月13日","292.55","287.74","294.15","287.36","94.79M","1.56%"
"2019年8月12日","288.07","289.96","291.61","287.02","65.53M","-1.22%"
"2019年8月9日","291.62","292.58","293.24","289.65","93.73M","-0.68%"
"2019年8月8日","293.62","289.62","293.62","289.01","87.71M","1.96%"
"2019年8月7日","287.97","284.40","288.82","282.04","140.57M","0.06%"
"2019年8月6日","287.80","285.91","288.04","284.28","120.71M","1.40%"
"2019年8月5日","283.82","288.09","288.21","281.72","178.75M","-3.01%"
"2019年8月2日","292.62","293.85","294.12","290.90","116.75M","-0.75%"
"2019年8月1日","294.84","297.60","300.87","293.96","142.65M","-0.87%"
"2019年7月31日","297.43","300.99","301.20","295.20","104.25M","-1.09%"
"2019年7月30日","300.72","299.91","301.17","299.49","45.85M","-0.25%"
"2019年7月29日","301.46","301.88","301.93","300.85","38.13M","-0.18%"
"2019年7月26日","302.01","300.76","302.23","300.62","45.08M","0.67%"
"2019年7月25日","300.00","300.94","301.00","299.11","55.39M","-0.48%"
"2019年7月24日","301.44","299.19","301.44","299.09","47.21M","0.47%"
"2019年7月23日","300.03","299.14","300.03","298.22","44.66M","0.72%"
"2019年7月22日","297.90","297.61","298.50","297.04","43.69M","0.25%"
"2019年7月19日","297.17","300.04","300.07","296.96","71.08M","-0.56%"
"2019年7月18日","298.83","297.19","299.25","296.70","51.70M","0.37%"
"2019年7月17日","297.74","299.75","299.93","297.74","44.10M","-0.66%"
"2019年7月16日","299.71","300.65","300.88","299.44","40.57M","-0.35%"
"2019年7月15日","300.75","301.13","301.13","300.19","33.91M","0.03%"
"2019年7月12日","300.65","299.85","300.73","299.51","40.35M","0.45%"
"2019年7月11日","299.31","299.32","299.58","298.20","50.89M","0.23%"
"2019年7月10日","298.61","298.37","299.66","297.78","58.60M","0.48%"
"2019年7月9日","297.19","295.54","297.52","295.48","41.10M","0.12%"
"2019年7月8日","296.82","297.01","298.26","296.22","45.84M","-0.55%"
"2019年7月5日","298.46","297.44","298.64","296.01","51.68M","-0.11%"
"2019年7月3日","298.80","297.18","298.82","297.02","40.90M","0.80%"
"2019年7月2日","296.43","295.61","296.49","294.68","61.50M","0.26%"
"2019年7月1日","295.66","296.68","296.92","294.33","79.11M","0.91%"
"2019年6月28日","293.00","292.58","293.55","292.01","59.35M","0.51%"
"2019年6月27日","291.50","291.31","292.06","290.89","40.36M","0.35%"
"2019年6月26日","290.47","291.75","292.31","290.35","51.58M","-0.10%"
"2019年6月25日","290.76","293.70","293.73","290.64","82.03M","-0.98%"
"2019年6月24日","293.64","294.23","294.58","293.47","47.58M","-0.12%"
"2019年6月21日","294.00","294.13","295.52","293.76","83.31M","-0.63%"
"2019年6月20日","295.86","296.04","296.31","293.13","116.57M","0.96%"
"2019年6月19日","293.06","292.55","293.65","291.47","78.67M","0.23%"
"2019年6月18日","292.40","291.39","293.57","290.99","85.43M","1.05%"
"2019年6月17日","289.37","289.52","290.22","289.18","39.21M","0.04%"
"2019年6月14日","289.26","289.26","289.93","288.41","52.32M","-0.11%"
"2019年6月13日","289.58","289.40","289.98","288.62","48.95M","0.41%"
"2019年6月12日","288.39","288.64","289.26","287.81","47.10M","-0.18%"
"2019年6月11日","288.90","290.99","291.40","288.18","58.64M","-0.02%"
"2019年6月10日","288.97","289.37","290.82","288.87","60.80M","0.46%"
"2019年6月7日","287.65","285.93","288.85","285.74","74.27M","1.00%"
"2019年6月6日","284.80","283.29","285.55","282.57","69.43M","0.65%"
"2019年6月5日","282.96","282.33","282.99","280.32","71.17M","0.87%"
"2019年6月4日","280.53","277.12","280.68","276.62","77.23M","2.17%"
"2019年6月3日","274.57","275.31","276.55","273.09","96.43M","-0.25%"
"2019年5月31日","275.27","276.20","277.12","275.24","86.86M","-1.35%"
"2019年5月30日","279.03","279.11","280.04","277.81","62.52M","0.27%"
"2019年5月29日","278.27","278.91","279.36","276.71","104.97M","-0.67%"
"2019年5月28日","280.15","283.09","284.15","280.13","70.03M","-0.93%"
"2019年5月24日","282.78","283.74","284.20","282.09","55.27M","0.23%"
"2019年5月23日","282.14","283.16","283.21","280.57","98.73M","-1.22%"
"2019年5月22日","285.63","285.45","286.69","285.10","49.48M","-0.31%"
"2019年5月21日","286.51","285.83","286.93","285.55","46.85M","0.90%"
"2019年5月20日","283.95","284.06","285.43","283.12","62.88M","-0.66%"
"2019年5月17日","285.84","285.14","288.60","285.12","100.35M","-0.65%"
"2019年5月16日","287.70","285.84","289.21","285.76","76.75M","0.93%"
"2019年5月15日","285.06","281.59","285.77","281.36","73.96M","0.59%"
"2019年5月14日","283.40","281.99","285.10","281.85","77.00M","0.90%"
"2019年5月13日","280.86","282.42","283.49","279.93","127.29M","-2.51%"
"2019年5月10日","288.10","285.62","288.94","282.30","112.43M","0.50%"
"2019年5月9日","286.66","285.23","287.33","283.30","103.47M","-0.30%"
"2019年5月8日","287.53","287.53","289.43","286.87","91.57M","-0.14%"
"2019年5月7日","287.93","290.15","290.81","285.81","144.73M","-1.67%"
"2019年5月6日","292.82","289.25","293.31","288.90","107.20M","-0.41%"
"2019年5月3日","294.03","292.82","294.34","291.30","56.54M","0.98%"
"2019年5月2日","291.18","291.68","292.70","289.52","65.03M","-0.22%"
"2019年5月1日","291.81","294.72","294.95","291.80","71.67M","-0.75%"
"2019年4月30日","294.02","293.49","294.34","291.92","81.11M","0.05%"
"2019年4月29日","293.87","293.51","294.45","293.41","57.20M","0.16%"
"2019年4月26日","293.41","292.10","293.49","291.24","50.92M","0.47%"
"2019年4月25日","292.05","292.12","292.78","290.73","57.77M","-0.06%"
"2019年4月24日","292.23","292.79","293.16","292.07","50.39M","-0.22%"
"2019年4月23日","292.88","290.68","293.14","290.42","52.25M","0.90%"
"2019年4月22日","290.27","289.17","290.44","289.07","40.16M","0.09%"
"2019年4月18日","290.02","290.10","290.32","288.66","68.71M","0.20%"
"2019年4月17日","289.45","291.40","291.43","288.99","58.27M","-0.24%"
"2019年4月16日","290.16","290.95","291.01","289.50","52.15M","0.07%"
"2019年4月15日","289.97","290.24","290.35","289.07","49.60M","-0.07%"
"2019年4月12日","290.16","290.00","290.47","288.26","69.73M","0.68%"
"2019年4月11日","288.21","288.83","288.84","287.58","55.09M","-0.03%"
"2019年4月10日","288.29","287.77","288.39","287.31","52.60M","0.34%"
"2019年4月9日","287.31","287.72","288.08","286.70","66.14M","-0.51%"
"2019年4月8日","288.79","288.10","288.91","287.37","53.57M","0.08%"
"2019年4月5日","288.57","287.92","288.63","287.60","58.62M","0.48%"
"2019年4月4日","287.18","286.78","287.46","286.01","49.00M","0.27%"
"2019年4月3日","286.42","287.32","287.76","285.75","68.24M","0.16%"
"2019年4月2日","285.97","286.04","286.23","285.09","40.07M","0.05%"
"2019年4月1日","285.83","284.70","286.16","284.40","77.62M","1.19%"
"2019年3月29日","282.48","282.39","282.84","281.14","82.19M","0.63%"
"2019年3月28日","280.71","280.35","281.21","279.07","56.24M","0.38%"
"2019年3月27日","279.65","281.11","281.76","277.93","72.22M","-0.52%"
"2019年3月26日","281.12","280.99","282.18","279.56","68.13M","0.75%"
"2019年3月25日","279.04","278.87","280.19","277.64","85.58M","-0.08%"
"2019年3月22日","279.25","283.22","283.80","279.18","122.66M","-1.92%"
"2019年3月21日","284.73","280.64","285.18","280.59","79.55M","1.13%"
"2019年3月20日","281.55","282.16","283.50","280.32","84.61M","-0.30%"
"2019年3月19日","282.40","283.51","284.36","281.41","90.27M","0.02%"
"2019年3月18日","282.33","281.55","282.66","281.30","62.20M","0.36%"
"2019年3月15日","281.31","280.54","282.21","280.33","81.31M","0.05%"
"2019年3月14日","281.16","281.37","281.84","280.67","67.52M","-0.06%"
"2019年3月13日","281.34","280.48","282.38","280.30","80.64M","0.66%"
"2019年3月12日","279.49","279.06","280.07","278.85","79.67M","0.38%"
"2019年3月11日","278.44","275.26","278.62","275.23","65.10M","1.45%"
"2019年3月8日","274.46","272.94","274.65","272.42","85.80M","-0.20%"
"2019年3月7日","275.01","276.83","276.99","274.07","94.89M","-0.84%"
"2019年3月6日","277.33","279.15","279.16","276.97","75.04M","-0.61%"
"2019年3月5日","279.02","279.54","279.76","278.41","59.11M","-0.14%"
"2019年3月4日","279.40","281.60","281.87","276.84","106.49M","-0.36%"
"2019年3月1日","280.42","280.44","280.88","278.82","78.88M","0.62%"
"2019年2月28日","278.68","278.96","279.45","278.32","69.27M","-0.19%"
"2019年2月27日","279.20","278.52","279.59","277.48","56.92M","-0.04%"
"2019年2月26日","279.32","279.13","280.30","278.90","56.84M","-0.07%"
"2019年2月25日","279.52","280.73","281.31","279.43","69.03M","0.14%"
"2019年2月22日","279.14","278.11","279.36","277.40","78.11M","0.62%"
"2019年2月21日","277.42","277.70","278.10","276.35","64.21M","-0.36%"
"2019年2月20日","278.41","277.81","278.92","277.25","76.61M","0.20%"
"2019年2月19日","277.85","276.48","278.58","276.47","59.12M","0.17%"
"2019年2月15日","277.37","276.36","277.41","276.13","97.09M","1.09%"
"2019年2月14日","274.38","273.78","275.64","272.87","83.23M","-0.22%"
"2019年2月13日","274.99","275.03","275.93","274.56","65.28M","0.32%"
"2019年2月12日","274.10","272.42","274.52","272.34","72.27M","1.29%"
"2019年2月11日","270.62","271.20","271.49","270.03","68.02M","0.06%"
"2019年2月8日","270.47","268.75","270.58","267.83","75.79M","0.12%"
"2019年2月7日","270.14","270.94","271.55","268.29","95.48M","-0.95%"
"2019年2月6日","272.74","272.79","273.34","271.92","58.35M","-0.13%"
"2019年2月5日","273.10","272.44","273.44","271.88","79.55M","0.42%"
"2019年2月4日","271.96","270.11","272.03","269.36","60.74M","0.70%"
"2019年2月1日","270.06","270.15","271.20","269.18","85.78M","0.05%"
"2019年1月31日","269.93","267.51","270.47","267.27","104.01M","0.88%"
"2019年1月30日","267.58","265.10","268.52","264.25","92.47M","1.58%"
"2019年1月29日","263.41","263.92","264.55","262.48","66.14M","-0.13%"
"2019年1月28日","263.76","263.39","263.83","261.79","85.61M","-0.76%"
"2019年1月25日","265.78","265.61","266.70","263.66","96.88M","0.85%"
"2019年1月24日","263.55","263.21","264.20","262.08","59.20M","0.05%"
"2019年1月23日","263.41","264.01","264.79","260.66","86.03M","0.21%"
"2019年1月22日","262.86","264.82","265.06","261.06","115.53M","-1.35%"
"2019年1月18日","266.46","264.98","266.98","263.00","127.90M","1.33%"
"2019年1月17日","262.96","260.01","263.92","259.96","96.12M","0.76%"
"2019年1月16日","260.98","260.83","261.97","260.60","77.64M","0.24%"
"2019年1月15日","260.35","257.82","260.70","257.81","85.21M","1.15%"
"2019年1月14日","257.40","256.86","258.30","256.41","70.91M","-0.61%"
"2019年1月11日","258.98","257.68","259.01","257.03","73.86M","0.04%"
"2019年1月10日","258.88","256.26","259.16","255.50","96.82M","0.35%"
"2019年1月9日","257.97","257.56","258.91","256.19","95.01M","0.47%"
"2019年1月8日","256.77","256.82","257.31","254.00","102.51M","0.94%"
"2019年1月7日","254.38","252.69","255.95","251.69","103.14M","0.79%"
"2019年1月4日","252.39","247.59","253.11","247.17","142.63M","3.35%"
"2019年1月3日","244.21","248.23","248.57","243.67","144.14M","-2.39%"